1,Henrik Sedin,henriksedin33@hotmail.com
2,Daniel Sedin,danielsedin22@hotmail.com
3,Ryan Miller,ryanmiller30@hotmail.com
4,Bo Horvat,bohorvat53@hotmail.com
5,Dan Hamhuis,danhamhuis2@hotmail.com
6,Chris Tanev,christanev8@hotmail.com
7,Luca Sbisa,lucasbisa5@hotmail.com
8,Jason Bourne,jasonbourne@hotmail.com
9,James Bond,jamesbond@hotmail.com
10,Michael Jordan,michaeljordan23@hotmail.com
11,Alex Burrows,alexburrows14@hotmail.com
12,Markus Granlund,markusgranlund60@hotmail.com,Mobile: 123-456-7890,Home: 999-999-9999
13,Ben Hutton,benhutton27@hotmail.com,Home: 333-333-3333,Mobile: 666-667-6541
